{
	"info": {
		"_postman_id": "9d6648f0-9001-4f5b-bf7c-1d430f4af9a9",
		"name": "APIS_EXAM",
		"description": "# Introduction\n\nEste API esta disenado para dar solucion a las indicaciones del examen 2 sobre API en Programacion 2 por parte del grupo \"Los lokos andans\"\n\nCOFORMADO POR:\n\nDaniel Miranda Milan\n\nCamila Sanchez\n\nFernanda Sirias\n\nDavid Ruiz\n\nHansley Sanchez\n\n# Overview\n\nLeer la documentacion detalladamente para saber de que se ocupa cada proceso\n\nAdemas debera ejecutar el archivo \"class_03\" python dentro el proyecto \"practicaapi\" que se encuentra en la carpeta correspondiente, agregado a que la primera vez debera correrlo junto a unas lineas que estan comentas\n\nLEER LOS COMENTARIOS",
		"schema": "https://schema.getpostman.com/json/collection/v2.1.0/collection.json",
		"_exporter_id": "26958066"
	},
	"item": [
		{
			"name": "Registrar los datos de artista",
			"request": {
				"method": "POST",
				"header": [],
				"body": {
					"mode": "raw",
					"raw": "{\n            \"id\": \"id\",\n            \"name\": \"name\",\n            \"lastname\": \"lastname\",\n            \"phonenumber\": \"phonenumber\",\n            \"email\": \"email\",\n            \"address\": \"address\",\n            \"category\": \"category\"\n            }",
					"options": {
						"raw": {
							"language": "json"
						}
					}
				},
				"url": {
					"raw": "http://127.0.0.1:5000/artistas",
					"protocol": "http",
					"host": [
						"127",
						"0",
						"0",
						"1"
					],
					"port": "5000",
					"path": [
						"artistas"
					]
				},
				"description": "Registrar los datos de artista"
			},
			"response": [
				{
					"name": "Default",
					"originalRequest": {
						"method": "POST",
						"header": [],
						"body": {
							"mode": "raw",
							"raw": "{\n            \"_id\": \"id\",\n            \"Name\": \"name\",\n            \"LastName\": \"lastname\",\n            \"PhoneNumber\": \"phonenumber\",\n            \"Email\": \"email\",\n            \"Address\": \"address\",\n            \"Category\": \"category\"\n            }"
						},
						"url": {
							"raw": "http://127.0.0.1:5000/artistas",
							"protocol": "http",
							"host": [
								"127",
								"0",
								"0",
								"1"
							],
							"port": "5000",
							"path": [
								"artistas"
							]
						}
					},
					"_postman_previewlanguage": null,
					"header": null,
					"cookie": [],
					"body": ""
				}
			]
		},
		{
			"name": "Actualizar los datos de un artista",
			"request": {
				"method": "PUT",
				"header": [],
				"body": {
					"mode": "raw",
					"raw": "{\n                \"name\": \"name\",\n                \"lastname\": \"lastname\",\n                \"phonenumber\": \"phonenumber\",\n                \"email\": \"email\",\n                \"address\": \"address\",\n                \"category\": \"category\"\n                }",
					"options": {
						"raw": {
							"language": "json"
						}
					}
				},
				"url": {
					"raw": "http://127.0.0.1:5000/artistas/artista_id",
					"protocol": "http",
					"host": [
						"127",
						"0",
						"0",
						"1"
					],
					"port": "5000",
					"path": [
						"artistas",
						"artista_id"
					]
				},
				"description": "Actualizar los datos de un artista"
			},
			"response": [
				{
					"name": "Default",
					"originalRequest": {
						"method": "PUT",
						"header": [],
						"body": {
							"mode": "raw",
							"raw": "{\n                \"Name\": \"name\",\n                \"LastName\": \"lastname\",\n                \"PhoneNumber\": \"phonenumber\",\n                \"Email\": \"email\",\n                \"Address\": \"address\",\n                \"Category\": \"category\"\n                }"
						},
						"url": {
							"raw": "http://127.0.0.1:5000/artistas/artista_id",
							"protocol": "http",
							"host": [
								"127",
								"0",
								"0",
								"1"
							],
							"port": "5000",
							"path": [
								"artistas",
								"artista_id"
							]
						}
					},
					"_postman_previewlanguage": null,
					"header": null,
					"cookie": [],
					"body": ""
				}
			]
		},
		{
			"name": "Obtener un artista especifico segun su id",
			"protocolProfileBehavior": {
				"disableBodyPruning": true
			},
			"request": {
				"method": "GET",
				"header": [],
				"body": {
					"mode": "raw",
					"raw": "",
					"options": {
						"raw": {
							"language": "json"
						}
					}
				},
				"url": {
					"raw": "http://127.0.0.1:5000/artistas/arista_id",
					"protocol": "http",
					"host": [
						"127",
						"0",
						"0",
						"1"
					],
					"port": "5000",
					"path": [
						"artistas",
						"arista_id"
					]
				},
				"description": "Obtener un artista especifico segun su id"
			},
			"response": [
				{
					"name": "Default",
					"originalRequest": {
						"method": "GET",
						"header": [],
						"body": {
							"mode": "raw",
							"raw": ""
						},
						"url": {
							"raw": "http://127.0.0.1:5000/artistas/arista_id",
							"protocol": "http",
							"host": [
								"127",
								"0",
								"0",
								"1"
							],
							"port": "5000",
							"path": [
								"artistas",
								"arista_id"
							]
						}
					},
					"_postman_previewlanguage": null,
					"header": null,
					"cookie": [],
					"body": "{\n            \"_id\": \"5\",\n            \"Name\": \"Juan\",\n            \"LastName\": \"Pérez\",\n            \"PhoneNumber\": \"1234567890\",\n            \"Email\": \"juanperez@example.com\",\n            \"Address\": \"Calle 123, Ciudad\",\n            \"Category\": \"Músico\"\n            }"
				}
			]
		},
		{
			"name": "Eliminar un artista junto a todas sus obras registradas",
			"request": {
				"method": "DELETE",
				"header": [],
				"body": {
					"mode": "raw",
					"raw": "",
					"options": {
						"raw": {
							"language": "json"
						}
					}
				},
				"url": {
					"raw": "http://127.0.0.1:5000/artistas/artista_id",
					"protocol": "http",
					"host": [
						"127",
						"0",
						"0",
						"1"
					],
					"port": "5000",
					"path": [
						"artistas",
						"artista_id"
					]
				},
				"description": "Eliminar un artista junto a todas sus obras registradas"
			},
			"response": [
				{
					"name": "Default",
					"originalRequest": {
						"method": "DELETE",
						"header": [],
						"body": {
							"mode": "raw",
							"raw": ""
						},
						"url": {
							"raw": "http://127.0.0.1:5000/artistas/artista_id",
							"protocol": "http",
							"host": [
								"127",
								"0",
								"0",
								"1"
							],
							"port": "5000",
							"path": [
								"artistas",
								"artista_id"
							]
						}
					},
					"_postman_previewlanguage": null,
					"header": null,
					"cookie": [],
					"body": ""
				}
			]
		},
		{
			"name": "Obtener todas las obras de un artista especifico",
			"protocolProfileBehavior": {
				"disableBodyPruning": true
			},
			"request": {
				"method": "GET",
				"header": [],
				"body": {
					"mode": "raw",
					"raw": ""
				},
				"url": {
					"raw": "http://127.0.0.1:5000/artistas/artista_id/obras",
					"protocol": "http",
					"host": [
						"127",
						"0",
						"0",
						"1"
					],
					"port": "5000",
					"path": [
						"artistas",
						"artista_id",
						"obras"
					]
				},
				"description": "Obtener todas las obras de un artista especifico"
			},
			"response": [
				{
					"name": "Default",
					"originalRequest": {
						"method": "GET",
						"header": [],
						"body": {
							"mode": "raw",
							"raw": ""
						},
						"url": {
							"raw": "http://127.0.0.1:5000/artistas/artista_id/obras",
							"protocol": "http",
							"host": [
								"127",
								"0",
								"0",
								"1"
							],
							"port": "5000",
							"path": [
								"artistas",
								"artista_id",
								"obras"
							]
						}
					},
					"_postman_previewlanguage": null,
					"header": null,
					"cookie": [],
					"body": "{Artista1\n            {\n            \"_id\": \"_id_1\",\n            \"Name\": \"Name_1\",\n            \"URL\": \"URL_1\"\n            }\n            {\n            \"_id\": \"_id_2\",\n            \"Name\": \"Name_2\",\n            \"URL\": \"URL_2\"\n            }\n            {\n            \"_id\": \"_id_3\",\n            \"Name\": \"Name_3\",\n            \"URL\": \"URL_3\"\n            }\n            {\n            \"_id\": \"_id_4\",\n            \"Name\": \"Name_4\",\n            \"URL\": \"URL_5\"\n            }\n            }"
				}
			]
		},
		{
			"name": "Obtener los datos de una obra especifica",
			"protocolProfileBehavior": {
				"disableBodyPruning": true
			},
			"request": {
				"method": "GET",
				"header": [],
				"body": {
					"mode": "raw",
					"raw": ""
				},
				"url": {
					"raw": "http://127.0.0.1:5000/obras/obra_id",
					"protocol": "http",
					"host": [
						"127",
						"0",
						"0",
						"1"
					],
					"port": "5000",
					"path": [
						"obras",
						"obra_id"
					]
				},
				"description": "Obtener los datos de una obra especifica"
			},
			"response": [
				{
					"name": "Default",
					"originalRequest": {
						"method": "GET",
						"header": [],
						"body": {
							"mode": "raw",
							"raw": ""
						},
						"url": {
							"raw": "http://127.0.0.1:5000/obras/obra_id",
							"protocol": "http",
							"host": [
								"127",
								"0",
								"0",
								"1"
							],
							"port": "5000",
							"path": [
								"obras",
								"obra_id"
							]
						}
					},
					"_postman_previewlanguage": null,
					"header": null,
					"cookie": [],
					"body": "{\n                \"_id\": \"id de la obra\",\n                  \"Name\": \"Nombre de la obra\",\n                  \"Materials\": \"Materiales utilizados\",\n                  \"CategoryProduct\": \"Categoria\",\n                  \"Technique\": \"Tecnica Empleada\",\n                  \"Notes\": \"Descripcion\",\n                  \"URL\": \"https://example.com,\n                \"ArtistID\": \"5\"\n                }"
				}
			]
		},
		{
			"name": "Agregar una obra asociada a un artista",
			"request": {
				"method": "POST",
				"header": [],
				"body": {
					"mode": "raw",
					"raw": "                {\n                \"id\": \"id de la obra\",\n                  \"name\": \"Nombre de la obra\",\n                  \"materials\": \"Materiales utilizados\",\n                  \"catProduct\": \"Categoria\",\n                  \"technique\": \"Tecnica Empleada\",\n                  \"notes\": \"Descripcion\",\n                  \"url\": \"https://example.com\"\n                }",
					"options": {
						"raw": {
							"language": "json"
						}
					}
				},
				"url": {
					"raw": "http://127.0.0.1:5000/obras/artista_id",
					"protocol": "http",
					"host": [
						"127",
						"0",
						"0",
						"1"
					],
					"port": "5000",
					"path": [
						"obras",
						"artista_id"
					]
				},
				"description": "Agregar una obra asociada a un artista"
			},
			"response": [
				{
					"name": "Default",
					"originalRequest": {
						"method": "POST",
						"header": [],
						"body": {
							"mode": "raw",
							"raw": "{\n                \"_id\": \"id de la obra\",\n                  \"Name\": \"Nombre de la obra\",\n                  \"Materials\": \"Materiales utilizados\",\n                  \"CategoryProduct\": \"Categoria\",\n                  \"Technique\": \"Tecnica Empleada\",\n                  \"Notes\": \"Descripcion\",\n                  \"URL\": \"https://example.com,\n                \"ArtistID\": \"5\"\n                }"
						},
						"url": {
							"raw": "http://127.0.0.1:5000/artista_id",
							"protocol": "http",
							"host": [
								"127",
								"0",
								"0",
								"1"
							],
							"port": "5000",
							"path": [
								"artista_id"
							]
						}
					},
					"_postman_previewlanguage": null,
					"header": null,
					"cookie": [],
					"body": ""
				}
			]
		},
		{
			"name": "Obtener todas las obras registradas en la base de datos",
			"protocolProfileBehavior": {
				"disableBodyPruning": true
			},
			"request": {
				"method": "GET",
				"header": [],
				"body": {
					"mode": "raw",
					"raw": ""
				},
				"url": {
					"raw": "http://127.0.0.1:5000/obras",
					"protocol": "http",
					"host": [
						"127",
						"0",
						"0",
						"1"
					],
					"port": "5000",
					"path": [
						"obras"
					]
				},
				"description": "Obtener todas las obras registradas en la base de datos"
			},
			"response": [
				{
					"name": "Default",
					"originalRequest": {
						"method": "GET",
						"header": [],
						"body": {
							"mode": "raw",
							"raw": ""
						},
						"url": {
							"raw": "http://127.0.0.1:5000/obras",
							"protocol": "http",
							"host": [
								"127",
								"0",
								"0",
								"1"
							],
							"port": "5000",
							"path": [
								"obras"
							]
						}
					},
					"_postman_previewlanguage": null,
					"header": null,
					"cookie": [],
					"body": "{obras\n                \n                {\n                \"_id\": \"id de la obra\",\n                  \"Name\": \"Nombre de la obra\",\n                  \"Materials\": \"Materiales utilizados\",\n                  \"CategoryProduct\": \"Categoria\",\n                  \"Technique\": \"Tecnica Empleada\",\n                  \"Notes\": \"Descripcion\",\n                  \"URL\": \"https://example.com,\n                \"ArtistID\": \"5\"\n                }\n            }"
				}
			]
		},
		{
			"name": "Obtener todas las obras que tiene registradas una Categoria",
			"protocolProfileBehavior": {
				"disableBodyPruning": true
			},
			"request": {
				"method": "GET",
				"header": [],
				"body": {
					"mode": "raw",
					"raw": ""
				},
				"url": {
					"raw": "http://127.0.0.1:5000/obras/categoria/PinturaExample",
					"protocol": "http",
					"host": [
						"127",
						"0",
						"0",
						"1"
					],
					"port": "5000",
					"path": [
						"obras",
						"categoria",
						"PinturaExample"
					]
				},
				"description": "Obtener todas las obras que tiene registradas una Categoria"
			},
			"response": [
				{
					"name": "Default",
					"originalRequest": {
						"method": "GET",
						"header": [],
						"body": {
							"mode": "raw",
							"raw": ""
						},
						"url": {
							"raw": "http://127.0.0.1:5000/obras/categoria/PinturaExample",
							"protocol": "http",
							"host": [
								"127",
								"0",
								"0",
								"1"
							],
							"port": "5000",
							"path": [
								"obras",
								"categoria",
								"PinturaExample"
							]
						}
					},
					"_postman_previewlanguage": null,
					"header": null,
					"cookie": [],
					"body": "{Pintura\n            {\n            \"_id\": \"_id_1\",\n            \"Name\": \"Name_1\",\n            \"URL\": \"URL_1\"\n            }\n            {\n            \"_id\": \"_id_2\",\n            \"Name\": \"Name_2\",\n            \"URL\": \"URL_2\"\n            }\n            {\n            \"_id\": \"_id_3\",\n            \"Name\": \"Name_3\",\n            \"URL\": \"URL_3\"\n            }\n            {\n            \"_id\": \"_id_4\",\n            \"Name\": \"Name_4\",\n            \"URL\": \"URL_5\"\n            }\n            }"
				}
			]
		},
		{
			"name": "Obtener los datos del artista y de la obra buscada completos",
			"protocolProfileBehavior": {
				"disableBodyPruning": true
			},
			"request": {
				"method": "GET",
				"header": [],
				"body": {
					"mode": "raw",
					"raw": ""
				},
				"url": {
					"raw": "http://127.0.0.1:5000/obras/artista/obra_id",
					"protocol": "http",
					"host": [
						"127",
						"0",
						"0",
						"1"
					],
					"port": "5000",
					"path": [
						"obras",
						"artista",
						"obra_id"
					]
				},
				"description": "Obtener los datos del artista y de la obra buscada completos"
			},
			"response": [
				{
					"name": "Default",
					"originalRequest": {
						"method": "GET",
						"header": [],
						"body": {
							"mode": "raw",
							"raw": ""
						},
						"url": {
							"raw": "http://127.0.0.1:5000/obras/artista/obra_id",
							"protocol": "http",
							"host": [
								"127",
								"0",
								"0",
								"1"
							],
							"port": "5000",
							"path": [
								"obras",
								"artista",
								"obra_id"
							]
						}
					},
					"_postman_previewlanguage": null,
					"header": null,
					"cookie": [],
					"body": "{artista\n                {\n                \"_id\": \"5\",\n                \"Name\": \"Juan\",\n                \"LastName\": \"Pérez\",\n                \"PhoneNumber\": \"1234567890\",\n                \"Email\": \"juanperez@example.com\",\n                \"Address\": \"Calle 123, Ciudad\",\n                \"Category\": \"Músico\"\n                }\n            }\n            {obra\n                {\n                \"_id\": \"id de la obra\",\n                  \"Name\": \"Nombre de la obra\",\n                  \"Materials\": \"Materiales utilizados\",\n                  \"CategoryProduct\": \"Categoria\",\n                  \"Technique\": \"Tecnica Empleada\",\n                  \"Notes\": \"Descripcion\",\n                  \"URL\": \"https://example.com,\n                \"ArtistID\": \"5\"\n                }\n            }"
				}
			]
		},
		{
			"name": "Actualizar o modificar los datos de una obra",
			"request": {
				"method": "PUT",
				"header": [],
				"body": {
					"mode": "raw",
					"raw": "{\r\n\"name\": \"Nuevo nombre de la obra\",\r\n\"materials\": \"Nuevos materiales\",\r\n\"catProduct\": \"Nueva categoría del producto\",\r\n\"technique\": \"Nueva técnica\",\r\n\"notes\": \"Nuevas notas\",\r\n\"url\": \"Nueva URL de la imagen\"\r\n}",
					"options": {
						"raw": {
							"language": "json"
						}
					}
				},
				"url": {
					"raw": "http://127.0.0.1:5000/obras/obra_id",
					"protocol": "http",
					"host": [
						"127",
						"0",
						"0",
						"1"
					],
					"port": "5000",
					"path": [
						"obras",
						"obra_id"
					]
				},
				"description": "Actualizar o modificar los datos de una obra"
			},
			"response": []
		},
		{
			"name": "Borrar una obra especifica por su id",
			"request": {
				"method": "DELETE",
				"header": [],
				"url": {
					"raw": "http://127.0.0.1:5000/obras/obra_id",
					"protocol": "http",
					"host": [
						"127",
						"0",
						"0",
						"1"
					],
					"port": "5000",
					"path": [
						"obras",
						"obra_id"
					]
				}
			},
			"response": []
		}
	]
}